batch,position,Arabic_Text_With_Tashkeel,Required_Filename.mp3
test_numbers_01_25,1,وَاحِد,356a192b7913b04c.mp3
test_numbers_01_25,2,اثْنَان,da4b9237bacccdf1.mp3
test_numbers_01_25,3,ثَلَاثَة,77de68daecd823ba.mp3
test_numbers_01_25,4,أَرْبَعَة,1b6453892473a467.mp3
test_numbers_01_25,5,خَمْسَة,ac3478d69a3c81fa.mp3
test_numbers_01_25,6,سِتَّة,c1dfd96eea8cc2b6.mp3
test_numbers_01_25,7,سَبْعَة,902ba3cda1883801.mp3
test_numbers_01_25,8,ثَمَانِيَة,fe5dbbcea5ce7e29.mp3
test_numbers_01_25,9,تِسْعَة,0ade7c2cf97f75d0.mp3
test_numbers_01_25,10,عَشَرَة,b1d5781111d84f7b.mp3
test_numbers_01_25,11,أَحَدَ عَشَر,17ba0791499db908.mp3
test_numbers_01_25,12,اثْنَا عَشَر,7b52009b64fd0a2a.mp3
test_numbers_01_25,13,ثَلَاثَةَ عَشَر,bd307a3ec329e10a.mp3
test_numbers_01_25,14,أَرْبَعَةَ عَشَر,fa35e192121eabf3.mp3
test_numbers_01_25,15,خَمْسَةَ عَشَر,f1abd670358e036c.mp3
test_numbers_01_25,16,سِتَّةَ عَشَر,1574bddb75c78a6f.mp3
test_numbers_01_25,17,سَبْعَةَ عَشَر,0716d9708d321ffb.mp3
test_numbers_01_25,18,ثَمَانِيَةَ عَشَر,9e6a55b6b4563e65.mp3
test_numbers_01_25,19,تِسْعَةَ عَشَر,b3f0c7f6bb763af1.mp3
test_numbers_01_25,20,عِشْرُون,91032ad7bbcb6cf7.mp3
test_numbers_01_25,21,وَاحِدٌ وَعِشْرُون,472b07b9fcf2c245.mp3
test_numbers_01_25,22,اثْنَانِ وَعِشْرُون,12c6fc06c99a4623.mp3
test_numbers_01_25,23,ثَلَاثَةٌ وَعِشْرُون,d435a6cdd786300d.mp3
test_numbers_01_25,24,أَرْبَعَةٌ وَعِشْرُون,4d134bc072212ace.mp3
test_numbers_01_25,25,خَمْسَةٌ وَعِشْرُون,f6e1126cedebf23e.mp3
