Arabic_Text_With_Tashkeel,Required_Filename.mp3
بَاء,1c1e43d61d9bb3a0.mp3
تَاء,e89244cd6326144b.mp3
ثَاء,49bd71c96403d5ab.mp3
جِيم,c38c46a59a35e336.mp3
حَاء,98b09ba933225b45.mp3
خَاء,51b0dd3abeb1c172.mp3
دَال,160ae026797ed418.mp3
ذَال,8f46e24ef0118ebf.mp3
رَاء,4269697bb98f04dc.mp3
زَاي,4480e81cdd139c14.mp3
شِين,8abc5a2e3ac381ea.mp3
صَاد,beb1f0d3ca2f35d7.mp3
ضَاد,644356b6a742bd96.mp3
طَاء,46c5140ef2da69f8.mp3
ظَاء,d4127a019f7ea4b8.mp3
عَيْن,675b46a5bc808734.mp3
غَيْن,ca76e9e564a59daf.mp3
فَاء,cc5f7ba380b0b5a9.mp3
قَاف,31d2954591d4fd78.mp3
كَاف,f312fcc4c2a95c4d.mp3
مِيم,22f9e7f67a6912f1.mp3
هَاء,73f92afa3697946c.mp3
وَاو,15c265f301037df3.mp3
يَاء,d6271f5f075055fd.mp3
تُفَّاحَة,fd690b206b7b0c5a.mp3
تَاءٌ مَرْبُوطَة,5c817779b3b52a25.mp3
قِطَّة,c3c3a26e1f58ae8f.mp3
بَيْضَة,5e17869b800f2915.mp3
عِنَب,0d5ed7ec4717bb9d.mp3
آيِس كْرِيم,06ca64749dc52769.mp3
أَلِفٌ مَمْدُودَة,f2f2633911d73e9f.mp3
عَصِير,508095033f7085e6.mp3
قَمَر,a6b3ca34ce464b61.mp3
بِيتْزَا,9838077b6290c217.mp3
مِظَلَّة,34ae4ea8baed0c46.mp3
سَاعَةُ يَد,667c9deaa3230ece.mp3
قَارِبٌ شِرَاعِيّ,79980d572199236c.mp3
حِمَارٌ وَحْشِيّ,200ab8008f70ed29.mp3
ثَعْلَب,3174cb4bcc30fb28.mp3
حِصَان,7365f70204397c07.mp3
دُبّ,9ce5ff277c5edf6e.mp3
ذُرَة,01f6e668fec140d6.mp3
نَسْر,43f4129c93498abf.mp3
ضِفْدَع,4e08c17f7325f83b.mp3
طَائِرَة,84c27962de9a339d.mp3
هَمْزَةٌ عَلَى نَبْرَة,46e5a9a911202a8b.mp3
ظَرْف,85bdf3947166c192.mp3
غَيْمَة,86970739f79f2599.mp3
فِيل,22caf60a69ac5554.mp3
كُرَة,cc57da04fed3e9a6.mp3
مَوْز,66dbc2e1c012ec93.mp3
نَحْلَة,6042bec03a25cb4a.mp3
يَد,abf2fb682d518fac.mp3
فَم,7f3b9d0b95d21686.mp3
نَجْمَة,0f79127f29964b1c.mp3
عُصْفُور,fae3b134596ebcaa.mp3
خُبْز,0ff3c361e2abc9bc.mp3
قِرْد,6471586d8e28e3f5.mp3
بَقَرَة,a7d17cf001e60eba.mp3
دَجَاجَة,6db125644092e95b.mp3
بِطْرِيق,f17b099aa18d54a9.mp3
نَمْلَة,600199ac02333b72.mp3
أُخْطُبُوط,0978a0b832073e96.mp3
سَلْطَعُون,29cf2dd581d0d794.mp3
بَبَّغَاء,ca4f00f247e61160.mp3
هَمْزَة,b50383c6d54cbb5e.mp3
طَاوُوس,06d54b31a6439425.mp3
ذِئْب,47750d49ba359a3d.mp3
كُوَالَا,50c0ca94ee724a7c.mp3
بَانْدَا,9466a579bd380f81.mp3
كَنْغَر,879c94f18a53a840.mp3
أَلِفٌ مَقْصُورَة,f776b60a859e8114.mp3
مَانْجُو,2e1a9f5ec12df491.mp3
بَطَاطَا,fa9340fafe5a1752.mp3
جُبْن,c19ff58e8d2bab2e.mp3
كَعْكَة,54c734044fc47850.mp3
بَسْكَوِيت,285d9275e10bb205.mp3
فُطْر,097e6c781aa8694a.mp3
جَوْزُ الْهِنْد,301c229e3e2c0ab2.mp3
كِيوِي,ca9cb7ff31d5618f.mp3
أَفُوكَادُو,1dc156403183435e.mp3
صَارُوخ,6d8b38cb7f793d3f.mp3
مِرْوَحِيَّة,5b1ed59c56abd0cb.mp3
سَيَّارَةُ إِسْعَاف,5a0682f7b4bc987d.mp3
سَيَّارَةُ إِطْفَاء,205c2c8c3b05e56b.mp3
جَرَّار,df2481ca5b00b5e7.mp3
سَيَّارَةُ أُجْرَة,9541011c18dc7067.mp3
دِمَاغ,4414835e9b303dd3.mp3
ثَلْج,9b7b0aed4fe110fe.mp3
قَوْسُ قُزَح,d089c4dc77f7a2cc.mp3
نَار,7f8765ad45ee4a54.mp3
وَرَقَةُ شَجَر,12af117dc928fea4.mp3
مَوْجَة,d4e881ea709e4f6c.mp3
نَخْلَة,57fd23ff8f574857.mp3
صَبَّار,5025df1216c6ca10.mp3
الْأَرْض,1c7c6015732713f7.mp3
دَوَّارُ الشَّمْس,6e0d7a3b360504ae.mp3
قَلَمُ رَصَاص,a3f49bf9c9d06165.mp3
مِقَصّ,d7cff7523c328ade.mp3
سَرِير,e0f948a7c90c60f9.mp3
مِصْبَاحٌ كَهْرَبَائِيّ,8357fc56507e69ed.mp3
حَاسُوب,6f59ef41a94728ac.mp3
حَقِيبَة,7f8ce543ef04e6ec.mp3
قُفْل,1f6fc2115a7a15d4.mp3
تَاج,e06b1d55e716b840.mp3
مِطْرَقَة,47423965b581cb95.mp3
مِغْنَاطِيس,139f123f9a5577fb.mp3
نَظَّارَة,86c32309e908a621.mp3
حِذَاء,bd60804234a266b1.mp3
قَمِيص,580ed9b1c0fdbcdb.mp3
جَوَارِب,e5f9777a36fcb212.mp3
قُبَّعَة,ca00e853a069a86a.mp3
قُفَّازَات,329bb7c3b1650889.mp3
وِشَاح,80d742f41300de31.mp3
بِنْطَال,374481b504f19b48.mp3
دُمْيَةُ دُبّ,115687ff7c5e7808.mp3
غِيتَار,5989524d0d50f53d.mp3
كَأْس,e0cb3913b54f7ed4.mp3
نَرْد,bcd1e61c5a5c6a4d.mp3
أُحْجِيَّة,fbc50bcc855563aa.mp3
قَلْعَة,8c084851b4d5d7f4.mp3
رَضِيع,bdcb957e6ba9c781.mp3
جَدَّة,de8dd0bdf7949f3d.mp3
شُرْطِيّ,3f799ae9697cd356.mp3
أَصْفَر,62b07216189ac441.mp3
بُرْتُقَالِيّ,cb52310b53049c89.mp3
بَنَفْسَجِيّ,013ff80b0a988108.mp3
وَرْدِيّ,836d81cd5fd10002.mp3
حَيَوَانَات,1a27ebf59bfafc55.mp3
مَرْكَبَات,5b6044504869364a.mp3
زَوْجِيّ,b9eedf66f8e03430.mp3
فَرْدِيّ,9a25463d7fb2e3a2.mp3
أَشْيَاء,5d78b6da4cb60056.mp3
أَلْعَاب,7b85642532832c5b.mp3
الْجِسْم,624a3a353e2bad62.mp3
أَشْخَاص,1f3000914d545c4f.mp3
أَمَاكِن,671ef8fce0f8e716.mp3
صِفْر,b6589fc6ab0dc82c.mp3
سِتَّة,c1dfd96eea8cc2b6.mp3
سَبْعَة,902ba3cda1883801.mp3
تِسْعَة,0ade7c2cf97f75d0.mp3
عِشْرُون,91032ad7bbcb6cf7.mp3
وَاحِدٌ وَعِشْرُون,472b07b9fcf2c245.mp3
اثْنَانِ وَعِشْرُون,12c6fc06c99a4623.mp3
ثَلَاثَةٌ وَعِشْرُون,d435a6cdd786300d.mp3
أَرْبَعَةٌ وَعِشْرُون,4d134bc072212ace.mp3
خَمْسَةٌ وَعِشْرُون,f6e1126cedebf23e.mp3
سِتَّةٌ وَعِشْرُون,887309d048beef83.mp3
سَبْعَةٌ وَعِشْرُون,bc33ea4e26e5e1af.mp3
ثَمَانِيَةٌ وَعِشْرُون,0a57cb53ba59c46f.mp3
تِسْعَةٌ وَعِشْرُون,7719a1c782a1ba91.mp3
وَاحِدٌ وَثَلَاثُون,632667547e7cd3e0.mp3
اثْنَانِ وَثَلَاثُون,cb4e5208b4cd8726.mp3
ثَلَاثَةٌ وَثَلَاثُون,b6692ea5df920cad.mp3
أَرْبَعَةٌ وَثَلَاثُون,f1f836cb4ea6efb2.mp3
خَمْسَةٌ وَثَلَاثُون,972a67c48192728a.mp3
سِتَّةٌ وَثَلَاثُون,fc074d501302eb2b.mp3
سَبْعَةٌ وَثَلَاثُون,cb7a1d775e800fd1.mp3
ثَمَانِيَةٌ وَثَلَاثُون,5b384ce32d8cdef0.mp3
تِسْعَةٌ وَثَلَاثُون,ca3512f4dfa95a03.mp3
وَاحِدٌ وَأَرْبَعُون,761f22b2c1593d0b.mp3
اثْنَانِ وَأَرْبَعُون,92cfceb39d57d914.mp3
ثَلَاثَةٌ وَأَرْبَعُون,0286dd552c9bea9a.mp3
أَرْبَعَةٌ وَأَرْبَعُون,98fbc42faedc0249.mp3
خَمْسَةٌ وَأَرْبَعُون,fb644351560d8296.mp3
سِتَّةٌ وَأَرْبَعُون,fe2ef495a1152561.mp3
سَبْعَةٌ وَأَرْبَعُون,827bfc458708f0b4.mp3
ثَمَانِيَةٌ وَأَرْبَعُون,64e095fe763fc624.mp3
تِسْعَةٌ وَأَرْبَعُون,2e01e17467891f7c.mp3
وَاحِدٌ وَخَمْسُون,b7eb6c689c037217.mp3
اثْنَانِ وَخَمْسُون,a9334987ece78b6f.mp3
ثَلَاثَةٌ وَخَمْسُون,c5b76da3e608d34e.mp3
أَرْبَعَةٌ وَخَمْسُون,80e28a51cbc26fa4.mp3
خَمْسَةٌ وَخَمْسُون,8effee409c625e1a.mp3
سِتَّةٌ وَخَمْسُون,54ceb91256e8190e.mp3
سَبْعَةٌ وَخَمْسُون,9109c85a45b703f8.mp3
ثَمَانِيَةٌ وَخَمْسُون,667be543b02294b7.mp3
تِسْعَةٌ وَخَمْسُون,5a5b0f9b7d3f8fc8.mp3
وَاحِدٌ وَسِتُّون,6c1e671f9af5b46d.mp3
اثْنَانِ وَسِتُّون,511a418e72591eb7.mp3
ثَلَاثَةٌ وَسِتُّون,a17554a0d2b15a66.mp3
أَرْبَعَةٌ وَسِتُّون,c66c65175fecc310.mp3
خَمْسَةٌ وَسِتُّون,2a459380709e2fe4.mp3
سِتَّةٌ وَسِتُّون,59129aacfb6cebbe.mp3
سَبْعَةٌ وَسِتُّون,4d89d294cd4ca9f2.mp3
ثَمَانِيَةٌ وَسِتُّون,b4c96d80854dd27e.mp3
تِسْعَةٌ وَسِتُّون,a72b20062ec2c47a.mp3
وَاحِدٌ وَسَبْعُون,d02560dd9d7db446.mp3
اثْنَانِ وَسَبْعُون,c097638f92de80ba.mp3
ثَلَاثَةٌ وَسَبْعُون,35e995c107a71cae.mp3
أَرْبَعَةٌ وَسَبْعُون,1f1362ea41d1bc65.mp3
خَمْسَةٌ وَسَبْعُون,450ddec8dd206c2e.mp3
سِتَّةٌ وَسَبْعُون,d54ad009d179ae34.mp3
سَبْعَةٌ وَسَبْعُون,d321d6f7ccf98b51.mp3
ثَمَانِيَةٌ وَسَبْعُون,eb4ac3033e8ab359.mp3
تِسْعَةٌ وَسَبْعُون,b74f5ee9461495ba.mp3
ثَمَانُون,b888b29826bb53dc.mp3
وَاحِدٌ وَثَمَانُون,1d513c0bcbe33b2e.mp3
اثْنَانِ وَثَمَانُون,76546f9a641ede2b.mp3
ثَلَاثَةٌ وَثَمَانُون,7d7116e23efef729.mp3
أَرْبَعَةٌ وَثَمَانُون,be461a0cd1fda052.mp3
خَمْسَةٌ وَثَمَانُون,1352246e33277e9d.mp3
سِتَّةٌ وَثَمَانُون,3c26dffc8a2e8804.mp3
سَبْعَةٌ وَثَمَانُون,e62d7f1eb43d87c2.mp3
ثَمَانِيَةٌ وَثَمَانُون,b37f6ddcefad7e86.mp3
تِسْعَةٌ وَثَمَانُون,16b06bd9b738835e.mp3
وَاحِدٌ وَتِسْعُون,4cd66dfabbd964f8.mp3
اثْنَانِ وَتِسْعُون,8ee51caaa2c2f4ee.mp3
ثَلَاثَةٌ وَتِسْعُون,08a35293e09f5084.mp3
أَرْبَعَةٌ وَتِسْعُون,215bb47da8fac334.mp3
خَمْسَةٌ وَتِسْعُون,8e63fd3e77796b10.mp3
سِتَّةٌ وَتِسْعُون,6fb84aed32facd12.mp3
سَبْعَةٌ وَتِسْعُون,812ed4562d321136.mp3
ثَمَانِيَةٌ وَتِسْعُون,31bd9b9f5f7b338e.mp3
تِسْعَةٌ وَتِسْعُون,9a79be611e0267e1.mp3
مِئَة,310b86e0b62b8285.mp3
وَوَاحِد,acb72b94764e4802.mp3
وَاثْنَان,bf8bf1a08e9e7528.mp3
وَثَلَاثَة,803263c700250460.mp3
وَأَرْبَعَة,f098bc5e259ef48b.mp3
وَخَمْسَة,af64fe7e1fcf0d5c.mp3
وَسِتَّة,7b6eb155cf8622f1.mp3
وَسَبْعَة,f148dee743a0f8dd.mp3
وَثَمَانِيَة,1d0e634d769ed03d.mp3
وَتِسْعَة,6d7aeffa7dc16a9d.mp3
وَعَشَرَة,00741a03074f0be0.mp3
وَأَحَدَ عَشَر,bcc9d740ac210d33.mp3
وَاثْنَا عَشَر,a3f0610b232acecf.mp3
وَثَلَاثَةَ عَشَر,0da39007c191cee7.mp3
وَأَرْبَعَةَ عَشَر,e3f6dc90a22e97b4.mp3
وَخَمْسَةَ عَشَر,59ed917f95852556.mp3
وَسِتَّةَ عَشَر,b2c192e1a1d9626b.mp3
وَسَبْعَةَ عَشَر,4a9d00561e1794b1.mp3
وَثَمَانِيَةَ عَشَر,52a70c0e5e35e029.mp3
وَتِسْعَةَ عَشَر,5c26d9fb710edfe1.mp3
وَعِشْرُون,030c4c3e4011b2bb.mp3
وَوَاحِدٌ وَعِشْرُون,0872294bb06f44b5.mp3
وَاثْنَانِ وَعِشْرُون,aef7e5073ba932e3.mp3
وَثَلَاثَةٌ وَعِشْرُون,00631fdc73e32ed7.mp3
وَأَرْبَعَةٌ وَعِشْرُون,90c1903a25bb4434.mp3
وَخَمْسَةٌ وَعِشْرُون,c1d84174d54b7aa4.mp3
وَسِتَّةٌ وَعِشْرُون,31ab74a33a428aab.mp3
وَسَبْعَةٌ وَعِشْرُون,ab8a9fcd460458ea.mp3
وَثَمَانِيَةٌ وَعِشْرُون,561f9730bed0971d.mp3
وَتِسْعَةٌ وَعِشْرُون,fc703a7f7b03ce5d.mp3
وَثَلَاثُون,ed33bab00c961d49.mp3
وَوَاحِدٌ وَثَلَاثُون,373b133cc78120cb.mp3
وَاثْنَانِ وَثَلَاثُون,aa133d146132d7ec.mp3
وَثَلَاثَةٌ وَثَلَاثُون,d39b20d00d63f7d1.mp3
وَأَرْبَعَةٌ وَثَلَاثُون,d1a48206bbbb7abd.mp3
وَخَمْسَةٌ وَثَلَاثُون,4a804d6982faaff5.mp3
وَسِتَّةٌ وَثَلَاثُون,9a527add8072f845.mp3
وَسَبْعَةٌ وَثَلَاثُون,243739b216729a7f.mp3
وَثَمَانِيَةٌ وَثَلَاثُون,074b51040f152ef8.mp3
وَتِسْعَةٌ وَثَلَاثُون,4850d5bfd1c931dd.mp3
وَأَرْبَعُون,5459b2fb7c0484ec.mp3
وَوَاحِدٌ وَأَرْبَعُون,251bd49e85a44286.mp3
وَاثْنَانِ وَأَرْبَعُون,689118cfb603244a.mp3
وَثَلَاثَةٌ وَأَرْبَعُون,762fed4224072631.mp3
وَأَرْبَعَةٌ وَأَرْبَعُون,b098894773c31fe6.mp3
وَخَمْسَةٌ وَأَرْبَعُون,4c911dd7de5f44d3.mp3
وَسِتَّةٌ وَأَرْبَعُون,2c81ede9c020f955.mp3
وَسَبْعَةٌ وَأَرْبَعُون,032428fe69620f51.mp3
وَثَمَانِيَةٌ وَأَرْبَعُون,f69cc5bf17c022cf.mp3
وَتِسْعَةٌ وَأَرْبَعُون,28116a103f0311ea.mp3
وَخَمْسُون,35baa06cfbad8016.mp3
وَوَاحِدٌ وَخَمْسُون,4731d059c6e32f00.mp3
وَاثْنَانِ وَخَمْسُون,49e9e1ec9eacb225.mp3
وَثَلَاثَةٌ وَخَمْسُون,d1fd9e7cdae8c63a.mp3
وَأَرْبَعَةٌ وَخَمْسُون,618c2aabe5ef95b4.mp3
وَخَمْسَةٌ وَخَمْسُون,033de21c8f778fc7.mp3
وَسِتَّةٌ وَخَمْسُون,941d1c352c839735.mp3
وَسَبْعَةٌ وَخَمْسُون,35f2b4aeb0bad1cf.mp3
وَثَمَانِيَةٌ وَخَمْسُون,bdbe83f7afc068b5.mp3
وَتِسْعَةٌ وَخَمْسُون,7d562192bbcdcd94.mp3
وَسِتُّون,8dc649ce6680fea3.mp3
وَوَاحِدٌ وَسِتُّون,cbc016fa8baf1e62.mp3
وَاثْنَانِ وَسِتُّون,a7649b7511a2d150.mp3
وَثَلَاثَةٌ وَسِتُّون,a13ec413d584c209.mp3
وَأَرْبَعَةٌ وَسِتُّون,ee836d5dd24126ac.mp3
وَخَمْسَةٌ وَسِتُّون,ecb988785b20eedb.mp3
وَسِتَّةٌ وَسِتُّون,60228e881f8829c6.mp3
وَسَبْعَةٌ وَسِتُّون,039b157c892c1744.mp3
وَثَمَانِيَةٌ وَسِتُّون,193af4d778c46a24.mp3
وَتِسْعَةٌ وَسِتُّون,75002c832ef33913.mp3
وَسَبْعُون,c0d4724f3d42210b.mp3
وَوَاحِدٌ وَسَبْعُون,a828da29f565e231.mp3
وَاثْنَانِ وَسَبْعُون,fc22d75007bfebef.mp3
وَثَلَاثَةٌ وَسَبْعُون,486d5bc1af239a09.mp3
وَأَرْبَعَةٌ وَسَبْعُون,57ee151eb4539434.mp3
وَخَمْسَةٌ وَسَبْعُون,7d613e4de5bde873.mp3
وَسِتَّةٌ وَسَبْعُون,597390b3d5a70d0f.mp3
وَسَبْعَةٌ وَسَبْعُون,181138bbb6c4bc7c.mp3
وَثَمَانِيَةٌ وَسَبْعُون,64a071e5e477d49e.mp3
وَتِسْعَةٌ وَسَبْعُون,efda496a45da8830.mp3
وَثَمَانُون,828c28775a944cd4.mp3
وَوَاحِدٌ وَثَمَانُون,613d8e9527746742.mp3
وَاثْنَانِ وَثَمَانُون,5ffb09c7c9029837.mp3
وَثَلَاثَةٌ وَثَمَانُون,d6ff9086c7b218e4.mp3
وَأَرْبَعَةٌ وَثَمَانُون,1136cd18462794f9.mp3
وَخَمْسَةٌ وَثَمَانُون,7d50fe98096a57e8.mp3
وَسِتَّةٌ وَثَمَانُون,edbaaa7caed44f7c.mp3
وَسَبْعَةٌ وَثَمَانُون,87ef2c346e88eca7.mp3
وَثَمَانِيَةٌ وَثَمَانُون,27b7a54cea1d3202.mp3
وَتِسْعَةٌ وَثَمَانُون,8821ec6b2a23ff6b.mp3
وَتِسْعُون,187d7e52afd20702.mp3
وَوَاحِدٌ وَتِسْعُون,b733cb456df4cf61.mp3
وَاثْنَانِ وَتِسْعُون,607ff57805989d72.mp3
وَثَلَاثَةٌ وَتِسْعُون,52fa5d3e22c3326d.mp3
وَأَرْبَعَةٌ وَتِسْعُون,622dae76a54c1ffe.mp3
وَخَمْسَةٌ وَتِسْعُون,194e4f7b6f28f7eb.mp3
وَسِتَّةٌ وَتِسْعُون,bcd7edc059554006.mp3
وَسَبْعَةٌ وَتِسْعُون,4fdb8829f818a702.mp3
وَثَمَانِيَةٌ وَتِسْعُون,7828f0b6938cd151.mp3
وَتِسْعَةٌ وَتِسْعُون,8dd05b6f8ad842be.mp3
مِئَتَان,9f9af029585ba014.mp3
ثَلَاثُمِئَة,e26973e6ee8ab9cd.mp3
أَرْبَعُمِئَة,ab7f7b955330dc8d.mp3
خَمْسُمِئَة,f83a383c0fa81f29.mp3
سِتُّمِئَة,15aa0c7e8fbd2923.mp3
سَبْعُمِئَة,d8e4bbea3af2e486.mp3
ثَمَانِمِئَة,290a52e4dd6282ca.mp3
تِسْعُمِئَة,28cc2209b234d918.mp3
